segID;StartTimeA;EndTimeA;StartTimeB;EndTimeB;pause;speakerChange;similarity;boundary;f0_diff;f0_baseline_diff;f0_stds_means
Bro015.segment.2;1.24;2.83;3.1;9.15;0.27;True;0.96599835;0.0;0.0;0.0;0.0
Bro015.segment.3;3.1;9.15;3.5;4.45;-5.65;True;0.30338278;0.0;-0.01251;0.2853699999999999;43.37950460216667
Bro015.segment.7;9.94;13.981;13.55;15.21;-0.4309999999999991;True;0.28780493;0.0;0.0;0.5068999999999999;25.51512687845
Bro015.segment.9;13.981;18.524;18.564;23.534;0.0399999999999991;False;0.61453414;0.0;0.0;0.0;0.0
Bro015.segment.10;18.564;23.534;23.572;24.808;0.0380000000000002;False;0.31221718;0.0;0.0;0.0103999999999999;29.489842665306664
Bro015.segment.12;24.808;29.63;24.82;29.54;-4.809999999999999;True;0.2595498;0.0;0.0;0.0;0.0
Bro015.segment.14;30.32;36.56;37.883;50.303;1.3230000000000004;False;0.3202345;0.0;-0.1289;-0.51291;29.86345764085
Bro015.segment.15;37.883;50.303;44.84;45.19;-5.462999999999994;True;0.263839;0.0;0.0379399999999999;-0.38841;26.457863763130263
Bro015.segment.17;51.24;51.84;51.87;53.39;0.029999999999994;True;0.5236261;0.0;0.0;-0.1458399999999999;36.9621306516
Bro015.segment.19;52.78;58.644;56.81;58.37;-1.833999999999996;True;0.3801732;0.0;0.0;0.0;0.0
Bro015.segment.21;58.684;59.004;59.69;60.421;0.6859999999999999;False;0.9856628;0.0;0.0;-0.7362;24.554279625
Bro015.segment.24;60.421;62.6;62.72;63.64;0.1199999999999974;False;0.7652334;0.0;0.0;0.0;0.0
Bro015.segment.25;62.72;63.64;63.976;65.39;0.3359999999999985;False;0.77221286;0.0;0.0;-0.32957;37.7334491161
Bro015.segment.29;65.947;67.61;67.053;68.343;-0.5570000000000022;True;0.37839425;0.0;0.0;0.0;0.0
Bro015.segment.30;67.053;68.343;68.71;69.11;0.3669999999999902;True;0.40296614;0.0;0.0;-0.4382399999999999;23.943879386585714
Bro015.segment.33;69.026;72.3;69.46;69.69;-2.8400000000000034;True;0.9777152;0.0;0.0;0.0;0.0
Bro015.segment.34;69.46;69.69;69.59;70.97;-0.0999999999999943;True;0.8974669;0.0;0.0;-1.0;0.0
Bro015.segment.36;69.942;70.312;70.24;71.93;-0.0720000000000027;True;0.8680991;0.0;0.0;-1.0;0.0
Bro015.segment.39;72.74;74.65;73.927;75.65;-0.722999999999999;True;0.9077807;0.0;0.0;0.0;0.0
Bro015.segment.40;73.927;75.65;75.32;79.11;-0.3300000000000125;True;0.23897314;0.0;0.0;0.0;0.0
Bro015.segment.41;75.32;79.11;78.35;78.866;-0.7600000000000051;True;0.30352196;0.0;0.7980300000000002;1.1899000000000002;31.933741096457993
Bro015.segment.43;78.906;91.346;80.524;80.904;-10.822000000000005;True;0.10767466;0.0;0.0;-0.84276;25.560250438719528
Bro015.segment.44;80.524;80.904;91.806;99.456;10.902;True;0.16252401;0.0;0.0;0.0;0.0
Bro015.segment.45;91.806;99.456;98.47;98.98;-0.9860000000000042;True;0.28399885;0.0;0.0;-0.6582399999999999;24.41879660162954
Bro015.segment.48;104.75;109.2;106.85;107.9;-2.3500000000000085;True;0.47000268;0.0;0.0;0.0;0.0
Bro015.segment.51;109.21;113.17;111.45;111.92;-1.7199999999999989;True;0.40746397;0.0;0.0;0.0;0.0
Bro015.segment.53;113.18;117.71;114.37;115.74;-3.339999999999989;True;0.43641478;0.0;-0.5499900000000001;-0.19399;33.10186654201496
Bro015.segment.57;118.582;121.632;120.58;122.8;-1.0520000000000067;True;0.2838564;0.0;0.0;0.17242;24.507349048203128
Bro015.segment.60;122.525;134.74;134.81;140.68;0.0699999999999931;False;0.45220244;0.0;0.0;0.0;0.0
Bro015.segment.61;134.81;140.68;140.87;141.26;0.1899999999999977;True;0.41549867;0.0;0.0;-0.3470499999999999;36.134181366840004
Bro015.segment.62;140.87;141.26;141.4;143.78;0.1400000000000147;True;0.56235397;0.0;0.0;0.0;0.0
Bro015.segment.63;141.4;143.78;142.84;146.72;-0.9399999999999976;True;0.45865384;0.0;0.0;0.0;0.0
Bro015.segment.64;142.84;146.72;144.263;145.338;-2.4569999999999936;True;0.34859708;0.0;0.0;0.0;0.0
Bro015.segment.66;145.378;145.678;146.692;150.112;1.01400000000001;False;0.43561628;0.0;-0.8384499999999999;-0.74888;24.8870637551
Bro015.segment.67;146.692;150.112;147.75;150.23;-2.3619999999999948;True;0.5682446;0.0;0.52735;0.5292399999999999;33.70385633532
Bro015.segment.68;147.75;150.23;149.98;151.34;-0.25;True;0.360219;0.0;0.5617999999999999;0.1499299999999999;13.349474777905
Bro015.segment.70;151.25;156.01;152.73;153.68;-3.280000000000001;True;0.5948478;0.0;0.0;0.46329;33.05114200621491
Bro015.segment.72;155.0;160.6;161.36;162.55;0.7600000000000193;True;0.4796123;0.0;0.0;0.0;0.0
Bro015.segment.74;161.6;166.64;166.97;168.092;0.3300000000000125;True;0.85316515;0.0;0.0;-0.6228899999999999;30.07065805771125
Bro015.segment.76;168.092;173.77;168.52;169.79;-5.25;True;0.5506877;0.0;0.0;0.0;0.0
Bro015.segment.79;171.934;172.404;173.677;174.25;1.272999999999996;False;0.8774096;0.0;0.0;0.0;0.0
Bro015.segment.81;174.29;175.22;175.05;176.95;-0.1699999999999875;True;0.53098714;0.0;1.22404;0.57016;19.0059455817
Bro015.segment.83;175.05;176.95;177.6;180.36;0.6500000000000057;True;0.5736489;0.0;0.0;0.07427;18.211790293329454
Bro015.segment.84;177.6;180.36;181.33;182.92;0.9699999999999988;True;0.5826856;0.0;0.0;0.0;0.0
Bro015.segment.85;181.33;182.92;182.91;186.14;-0.0099999999999909;True;0.63961744;0.0;0.02384;0.30315;24.809153900944995
Bro015.segment.86;182.91;186.14;183.331;185.57;-2.808999999999997;True;0.50099623;0.0;-0.46351;-0.1154199999999999;36.9434435256
Bro015.segment.87;183.331;185.57;186.176;187.148;0.6059999999999945;True;1.0;0.0;-0.36618;-0.20477;19.493529195135
Bro015.segment.89;186.574;186.884;187.148;189.617;0.26400000000001;True;0.59581995;0.0;0.0;0.16141;19.6949489896
Bro015.segment.90;187.148;189.617;192.642;193.715;3.0250000000000057;False;0.59581995;0.0;0.0;0.0;0.0
Bro015.segment.91;192.642;193.715;193.715;196.896;0.0;False;0.6305686;0.0;0.0;0.0;0.0
Bro015.segment.92;193.715;196.896;196.896;199.043;0.0;False;0.42705247;0.0;0.0;0.0;0.0
Bro015.segment.93;196.896;199.043;199.043;202.839;0.0;False;0.67078084;0.0;0.0;0.0;0.0
Bro015.segment.94;199.043;202.839;202.839;207.081;0.0;False;0.3382577;0.0;0.0;0.0;0.0
Bro015.segment.95;202.839;207.081;207.081;211.857;0.0;False;0.45223165;0.0;0.0;0.0;0.0
Bro015.segment.96;207.081;211.857;212.121;220.781;0.26400000000001;False;0.25535583;0.0;0.0;0.0;0.0
Bro015.segment.97;212.121;220.781;212.79;213.52;-7.991000000000014;True;0.24069111;0.0;0.0;0.31301;20.95234650229729
Bro015.segment.99;218.01;218.42;221.68;225.71;3.26000000000002;True;0.41968906;0.0;0.0;0.0;0.0
Bro015.segment.100;221.68;225.71;228.51;229.77;2.799999999999983;True;0.4612723;0.0;0.24461;-0.49497;22.635177995794443
Bro015.segment.103;229.99;231.305;231.305;233.265;0.0;False;0.3876649;0.0;0.0;0.16141;25.40396826199118
Bro015.segment.105;233.265;238.39;236.44;237.56;-1.9499999999999889;True;0.42319492;0.0;0.0;0.0;0.0
Bro015.segment.106;236.44;237.56;237.56;243.83;0.0;False;0.5014671;1.0;0.0;0.0;0.0
Bro015.segment.107;237.56;243.83;241.58;243.94;-2.25;True;0.6275912;0.0;0.0;0.0;0.0
Bro015.segment.109;244.31;250.45;251.534;252.319;1.0840000000000032;False;0.48472863;0.0;0.0;0.3763799999999999;44.01550147226666
Bro015.segment.111;252.319;257.068;257.068;260.895;0.0;False;0.52594805;0.0;0.0;0.0;0.0
Bro015.segment.112;257.068;260.895;262.133;265.023;1.2379999999999995;False;0.69087523;0.0;0.6025899999999998;0.5310299999999999;32.24544307994539
Bro015.segment.113;262.133;265.023;265.119;266.107;0.0960000000000036;False;0.3959164;0.0;0.0;0.42245;32.9110453383
Bro015.segment.115;266.107;270.215;270.215;271.934;0.0;False;0.8218828;0.0;0.0;0.0;0.0
Bro015.segment.116;270.215;271.934;272.024;277.954;0.0899999999999749;False;0.23496577;0.0;0.0;0.0;0.0
Bro015.segment.117;272.024;277.954;275.71;276.46;-2.244000000000028;True;0.17548755;0.0;0.0;-0.73553;35.601585478228564
Bro015.segment.118;275.71;276.46;276.64;278.06;0.1800000000000068;True;0.24308193;0.0;0.0;0.0;0.0
Bro015.segment.121;278.93;283.1;278.95;280.51;-4.150000000000034;True;0.16260767;0.0;0.37751;0.61619;17.757536700075935
Bro015.segment.120;278.95;280.51;282.099;282.259;1.5889999999999986;False;0.6862539;0.0;0.0;-1.0;26.5669914961
Bro015.segment.122;282.099;282.259;282.509;283.349;0.25;False;0.46342152;0.0;0.0;0.0;0.0
Bro015.segment.123;282.509;283.349;283.12;284.52;-0.228999999999985;True;0.96932817;0.0;0.4899599999999998;0.2608299999999999;40.38412364323333
Bro015.segment.125;283.75;284.68;285.91;286.85;1.2300000000000182;True;0.51325166;0.0;0.7451000000000001;0.09122;39.72762768223334
Bro015.segment.127;286.42;290.66;289.27;293.74;-1.3900000000000432;True;0.3578445;0.0;0.0;-0.04022;20.865956082559002
Bro015.segment.129;291.03;294.27;293.74;294.44;-0.5299999999999727;True;0.690434;0.0;0.0;0.0;0.0
Bro015.segment.131;294.44;296.601;296.601;301.753;0.0;False;0.3179266;0.0;0.0;0.0;0.0
Bro015.segment.132;296.601;301.753;301.2;301.59;-0.5529999999999973;True;0.3081203;0.0;0.0;0.0;0.0
Bro015.segment.133;301.2;301.59;301.891;304.021;0.3010000000000445;True;0.64576805;0.0;0.2898800000000001;0.07902;27.1720993189
Bro015.segment.134;301.891;304.021;302.751;303.901;-1.2700000000000389;True;0.8010751;0.0;1.16748;0.8884099999999999;55.352521002
Bro015.segment.135;302.751;303.901;307.86;309.35;3.959000000000003;True;0.39391857;0.0;-0.52248;-0.26478;30.821974126492854
Bro015.segment.136;307.86;309.35;311.13;312.08;1.7799999999999727;True;0.5012097;0.0;0.39483;0.2577;16.2869737243
Bro015.segment.138;311.62;316.41;314.96;315.98;-1.4500000000000457;True;0.5563963;0.0;-0.2386999999999999;-0.0698499999999999;26.910865708093937
Bro015.segment.140;317.52;320.67;319.68;322.289;-0.9900000000000092;True;0.5491775;0.0;0.0;0.00503;28.5198334571
Bro015.segment.141;319.68;322.289;322.29;322.78;0.0010000000000331;True;0.9359355;0.0;0.0;0.0;0.0
Bro015.segment.142;322.29;322.78;322.359;332.529;-0.4209999999999922;True;0.25868094;1.0;-0.58822;0.0516099999999999;27.6865599481
Bro015.segment.143;322.359;332.529;326.56;326.81;-5.968999999999994;True;0.2325325;0.0;-0.0927200000000001;0.0265899999999998;39.443134924823816
Bro015.segment.144;326.56;326.81;332.589;333.43;5.778999999999996;True;0.62077844;0.0;0.0;0.11931;21.9334631634
Bro015.segment.146;333.29;336.837;333.43;334.718;-3.4069999999999823;True;0.6423495;0.0;0.0;0.0;0.0
Bro015.segment.147;333.43;334.718;336.18;337.359;1.461999999999989;False;0.7698226;0.0;0.0;0.0;0.0
Bro015.segment.148;336.18;337.359;336.837;340.788;-0.5219999999999914;True;0.51985955;0.0;0.0;0.0;0.0
Bro015.segment.149;336.837;340.788;340.097;341.184;-0.6910000000000309;True;0.44429874;0.0;0.0;0.0;0.0
Bro015.segment.150;340.097;341.184;340.868;349.348;-0.3160000000000309;True;0.40922365;0.0;0.0;0.0;0.0
Bro015.segment.151;340.868;349.348;348.5;349.95;-0.8480000000000132;True;0.47557333;0.0;0.0;-0.4581499999999999;27.3370989254675
Bro015.segment.153;350.05;353.5;352.358;352.688;-1.141999999999996;True;0.54858196;0.0;0.0;0.0;0.0
Bro015.segment.154;352.358;352.688;352.44;353.57;-0.2479999999999904;True;0.9467771;0.0;0.0;0.0;0.0
Bro015.segment.156;353.5;355.655;355.725;365.965;0.07000000000005;False;0.18595873;0.0;0.0;0.0;0.0
Bro015.segment.157;355.725;365.965;365.85;366.48;-0.1149999999999522;True;0.3808603;0.0;-0.08148;0.52871;27.14663126801586
Bro015.segment.158;365.85;366.48;367.78;375.753;1.2999999999999543;True;0.3681118;0.0;0.0;0.52973;1.6891787843015
Bro015.segment.159;367.78;375.753;374.35;374.65;-1.4029999999999632;True;0.38320625;0.0;0.0;0.0;0.0
Bro015.segment.160;374.35;374.65;375.753;377.665;1.1030000000000086;True;0.95886755;0.0;0.0;0.0;0.0
Bro015.segment.161;375.753;377.665;376.373;378.953;-1.29200000000003;False;0.5861232;0.0;-1.36771;-0.81024;32.5602735605032
Bro015.segment.163;376.373;378.953;376.84;378.21;-2.1129999999999995;True;0.6035329;0.0;0.0;-0.12804;33.46667118785
Bro015.segment.162;376.84;378.21;380.12;383.574;1.910000000000025;True;0.4663447;0.0;0.0;0.0;0.0
Bro015.segment.164;380.12;383.574;380.82;382.61;-2.754000000000019;True;0.48254785;0.0;0.0;0.0;0.0
Bro015.segment.166;383.574;387.58;387.62;390.57;0.0400000000000204;False;0.59411836;0.0;0.0;0.0;0.0
Bro015.segment.167;387.62;390.57;390.614;394.06;0.0439999999999827;False;0.37835538;0.0;0.1552299999999999;-0.33835;33.86190601282366
Bro015.segment.168;390.614;394.06;394.307;395.336;0.2470000000000141;False;0.94735336;0.0;0.0;-0.49358;40.9871427
Bro015.segment.169;394.307;395.336;394.688;395.028;-0.6480000000000246;True;0.94835806;0.0;0.0;0.0;0.0
Bro015.segment.170;394.688;395.028;399.87;400.97;4.8419999999999845;False;0.9838226;0.0;-0.7410399999999999;-0.34917;45.2318703872
Bro015.segment.171;399.87;400.97;400.97;402.666;0.0;False;0.9783128;0.0;0.0;-0.35427;24.77349508592923
Bro015.segment.173;402.666;406.143;404.299;404.71;-1.843999999999994;True;0.9532838;0.0;0.0;0.0;0.0
Bro015.segment.174;404.299;404.71;405.81;407.71;1.1000000000000227;True;0.03060207;0.0;0.0;0.0;0.0
Bro015.segment.176;406.193;415.823;412.54;412.84;-3.2829999999999586;True;0.3500141;0.0;0.0;0.56586;27.680325096659374
Bro015.segment.178;415.09;421.53;417.15;418.27;-4.379999999999996;True;0.4470263;0.0;0.0;0.0;0.0
Bro015.segment.181;423.563;428.523;429.1;430.38;0.5769999999999982;True;0.5818823;0.0;-0.2767900000000001;0.37015;18.121109813295238
Bro015.segment.183;429.96;430.9;431.492;432.572;0.5920000000000414;False;0.8982434;0.0;0.83937;0.58341;31.86641533359709
Bro015.segment.184;431.492;432.572;432.77;434.649;0.197999999999979;True;0.9048826;0.0;0.0;-0.34435;37.634022104143995
Bro015.segment.185;432.77;434.649;434.649;438.282;0.0;False;0.47256157;0.0;0.0;0.0;0.0
Bro015.segment.186;434.649;438.282;435.99;437.13;-2.291999999999973;True;0.48969853;0.0;0.0;0.0;0.0
Bro015.segment.188;438.322;439.922;439.2;441.01;-0.7220000000000368;True;0.38850877;0.0;0.1613;0.2188099999999999;26.3655796823
Bro015.segment.190;440.617;444.687;445.94;448.79;1.252999999999986;True;0.54632664;0.0;0.0;0.6194599999999999;29.617168203577855
Bro015.segment.191;445.94;448.79;448.05;449.45;-0.7400000000000091;True;0.57657653;0.0;0.0;0.0;0.0
Bro015.segment.192;448.05;449.45;449.16;453.99;-0.2899999999999636;True;0.25760466;0.0;0.0;0.0;0.0
Bro015.segment.193;449.16;453.99;454.233;457.03;0.242999999999995;False;0.25488958;0.0;0.52069;-0.13319;29.224346635801254
Bro015.segment.194;454.233;457.03;454.32;455.895;-2.7099999999999795;True;0.34132105;0.0;0.0;0.20012;25.361492377556313
Bro015.segment.195;454.32;455.895;455.995;456.195;0.1000000000000227;False;0.86097753;0.0;0.0;0.0;0.0
Bro015.segment.196;455.995;456.195;456.859;458.11;0.6639999999999873;False;0.86097753;0.0;0.0;0.0;0.0
Bro015.segment.197;456.859;458.11;457.43;458.95;-0.6800000000000068;True;0.71735984;0.0;0.0;0.0;0.0
Bro015.segment.198;457.43;458.95;458.35;462.16;-0.5999999999999659;True;0.49699783;0.0;0.0;0.0;0.0
Bro015.segment.199;458.35;462.16;459.75;461.9;-2.410000000000025;True;0.5047705;0.0;0.0;0.1385199999999999;19.695805425605776
Bro015.segment.202;464.73;466.031;466.091;466.531;0.0600000000000022;False;0.7312316;0.0;0.0;0.0;0.0
Bro015.segment.203;466.091;466.531;466.1;469.281;-0.4309999999999832;True;0.5675957;0.0;0.0;0.3625499999999999;21.960320419650003
Bro015.segment.204;466.1;469.281;467.059;467.529;-2.22199999999998;True;0.6385318;0.0;0.0;0.0;0.0
Bro015.segment.207;469.291;471.811;469.601;469.871;-2.2099999999999795;True;0.37519342;0.0;0.0;-0.46409;26.018626133617147
Bro015.segment.208;469.601;469.871;472.35;474.86;2.479000000000042;False;0.74221355;1.0;0.0;0.0;0.0
Bro015.segment.209;472.35;474.86;472.444;473.443;-2.415999999999997;True;0.72627807;0.0;0.0;0.0;0.0
Bro015.segment.210;472.444;473.443;474.07;475.633;0.6270000000000095;True;0.9672485;0.0;0.0;0.0;0.0
Bro015.segment.211;474.07;475.633;475.633;485.433;0.0;False;0.21581806;0.0;0.0;0.0;0.0
Bro015.segment.212;475.633;485.433;477.71;480.33;-7.723000000000013;True;0.28234118;0.0;0.0;0.0;0.0
Bro015.segment.215;485.483;491.223;491.6;497.408;0.3770000000000095;False;0.71424085;0.0;0.0;-0.29368;23.389262684995
Bro015.segment.216;491.6;497.408;496.545;497.4;-0.8629999999999995;True;0.3395932;0.0;0.0;0.0;0.0
Bro015.segment.218;497.728;503.788;504.428;514.628;0.6399999999999864;False;0.48797745;0.0;0.10046;-0.0604;32.733839531895626
Bro015.segment.220;504.428;514.628;508.64;510.62;-5.988000000000056;True;0.56620884;0.0;0.32005;0.22876;26.734618950352036
Bro015.segment.223;515.51;521.95;522.77;524.34;0.8199999999999363;True;0.5606699;0.0;-0.30149;0.149;26.834855046915077
Bro015.segment.225;522.87;528.86;524.27;525.14;-4.590000000000032;True;0.17851925;0.0;0.0;-0.16086;34.54286576126364
Bro015.segment.230;536.126;536.446;536.56;543.18;0.113999999999919;True;0.24972248;1.0;0.0;0.0;0.0
Bro015.segment.231;536.56;543.18;540.21;541.11;-2.9699999999999136;True;0.51552784;0.0;0.0;-0.28246;26.469424825388337
Bro015.segment.233;543.54;560.92;543.75;544.82;-17.16999999999996;True;-0.07335532;0.0;0.0;0.0;0.0
Bro015.segment.239;554.967;555.397;555.416;556.144;0.0190000000000054;True;0.01128099;0.0;0.0;0.0;0.0
Bro015.segment.248;561.79;577.48;576.36;577.97;-1.1200000000000043;True;0.13243574;0.0;0.0;0.0;0.0
Bro015.segment.249;576.36;577.97;578.08;580.74;0.1100000000000136;True;0.667904;0.0;0.6761900000000001;0.7248300000000001;40.091386370449996
Bro015.segment.250;578.08;580.74;580.37;581.79;-0.3700000000000045;True;0.33104593;0.0;-0.96315;0.13202;22.57941039256023
Bro015.segment.252;580.95;581.82;583.04;591.1;1.2199999999999136;False;0.03742636;0.0;0.0;1.09517;2.71585216944
Bro015.segment.253;583.04;591.1;590.65;592.9;-0.4500000000000455;True;0.09866902;0.0;0.0;0.0;0.0
Bro015.segment.254;590.65;592.9;591.606;591.967;-1.2939999999999827;True;0.8822494;0.0;0.0;0.0;0.0
Bro015.segment.255;591.606;591.967;592.94;593.2;0.97300000000007;True;0.8382862;0.0;0.0;0.0;0.0
Bro015.segment.256;592.94;593.2;593.47;594.24;0.2699999999999818;True;0.61539215;0.0;0.0;0.14137;40.4714754286
Bro015.segment.258;594.42;595.77;595.11;617.77;-0.6599999999999682;True;0.20151755;0.0;0.0;0.0;0.0
Bro015.segment.259;595.11;617.77;596.5;597.7;-21.269999999999985;True;0.4195764;0.0;0.0;0.0;0.0
Bro015.segment.264;617.99;625.84;619.73;625.04;-6.110000000000014;True;0.548653;0.0;0.0;0.2039200000000001;26.35200174341034
Bro015.segment.268;626.64;635.81;629.77;630.71;-6.039999999999964;True;0.32894343;0.0;0.0;0.0;0.0
Bro015.segment.270;636.13;643.43;638.12;644.28;-5.309999999999945;True;0.41919336;0.0;0.0;0.0;0.0
Bro015.segment.272;643.92;644.14;644.24;650.79;0.1000000000000227;False;0.03027252;0.0;0.25371;0.01258;49.4590008166
Bro015.segment.273;644.24;650.79;651.42;651.96;0.6299999999999955;False;0.0333416;0.0;-0.75514;-0.79591;30.02689747703818
Bro015.segment.274;651.42;651.96;651.42;651.94;-0.5400000000000773;True;0.97371805;0.0;-0.11351;-0.1399;39.310817996
Bro015.segment.275;651.42;651.94;651.58;652.77;-0.3600000000000136;True;0.8834542;0.0;0.0;-0.02639;24.8408079869
Bro015.segment.276;651.58;652.77;652.37;658.4;-0.3999999999999772;True;0.27674603;0.0;0.0;0.0;0.0
Bro015.segment.277;652.37;658.4;659.96;664.43;1.5600000000000591;False;0.72055924;0.0;0.0;0.3966499999999999;31.734704121631253
Bro015.segment.278;659.96;664.43;665.04;666.7;0.6100000000000136;True;0.24289387;0.0;0.0;0.0;0.0
Bro015.segment.279;665.04;668.09;666.62;667.14;-1.4700000000000273;True;0.52002174;0.0;0.8068500000000001;0.31908;23.408987911914
Bro015.segment.281;666.62;667.14;667.63;668.86;0.4900000000000091;True;0.7842015;0.0;0.0814599999999999;-0.48777;39.9158354127
Bro015.segment.283;668.61;668.83;668.86;670.751;0.0299999999999727;False;0.74451023;0.0;0.0;-0.56923;41.6315182007
Bro015.segment.284;668.86;670.751;671.13;674.78;0.3790000000000191;False;0.57548404;0.0;0.0;0.0;0.0
Bro015.segment.285;671.13;674.78;673.16;674.29;-1.6200000000000043;True;0.5095263;0.0;0.0;-0.58407;38.80949469648888
Bro015.segment.286;673.16;674.29;675.14;676.13;0.8500000000000227;False;0.93755996;0.0;0.0;0.0;0.0
Bro015.segment.287;675.14;676.13;676.13;676.58;0.0;True;0.32763708;0.0;-0.4552199999999999;0.18958;35.85355787073
Bro015.segment.289;676.9;681.53;680.12;680.85;-1.4099999999999682;True;0.22387114;0.0;0.0;-0.83552;23.606929029318334
Bro015.segment.291;682.66;685.25;684.72;685.29;-0.5299999999999727;True;0.47933233;0.0;0.0;0.0;0.0
Bro015.segment.292;684.72;685.29;687.023;687.343;1.733000000000061;False;0.87407994;0.0;0.0;0.0;0.0
Bro015.segment.293;687.023;687.343;687.692;698.925;0.3490000000000464;False;0.25875005;0.0;0.0;0.3211599999999999;15.385689625
Bro015.segment.294;687.692;698.925;688.9;690.3;-10.024999999999975;True;0.79857284;0.0;0.0;0.0;0.0
Bro015.segment.296;699.035;708.535;710.18;711.603;1.6449999999999818;True;0.16221613;0.0;0.0;-0.4259199999999999;23.194980494827302
Bro015.segment.298;711.603;712.55;712.55;713.14;0.0;True;0.8829709;0.0;0.0;0.0;0.0
Bro015.segment.300;713.14;713.972;713.972;715.528;0.0;False;0.8829709;0.0;-0.2483;-0.0263499999999999;25.631330689342494
Bro015.segment.302;715.598;716.208;717.61;725.1;1.4020000000000437;False;0.13360304;0.0;0.0706600000000001;0.2219500000000001;29.095859669
Bro015.segment.303;717.61;725.1;727.37;728.35;2.269999999999982;True;0.30715626;0.0;-0.62311;-1.0;26.005862142821304
Bro015.segment.306;729.136;729.626;729.703;732.643;0.0769999999999981;False;0.7311542;0.0;0.0;-0.2635499999999999;35.99938034625001
Bro015.segment.307;729.703;732.643;730.15;731.25;-2.493000000000052;True;0.541461;0.0;0.0;0.0;0.0
Bro015.segment.309;732.643;736.81;734.26;737.83;-2.5499999999999545;True;0.75147337;0.0;0.0;0.0;0.0
Bro015.segment.311;738.09;742.87;739.37;741.95;-3.5;True;0.812433;0.0;0.0;0.0;0.0
Bro015.segment.313;743.829;747.983;743.99;744.77;-3.992999999999938;True;0.92861545;0.0;0.0;0.0;0.0
Bro015.segment.316;748.765;752.443;753.336;756.258;0.8930000000000291;False;0.94516873;0.0;0.0;0.0;0.0
Bro015.segment.317;753.336;756.258;755.12;756.07;-1.1380000000000337;True;0.9205268;0.0;0.0;0.0;0.0
Bro015.segment.319;756.868;760.552;758.36;759.43;-2.192000000000008;True;0.77368164;0.0;0.0;0.0;0.0
Bro015.segment.321;761.372;764.171;761.56;762.24;-2.611000000000104;True;0.7559649;0.0;0.0;0.0;0.0
Bro015.segment.323;764.671;767.372;768.018;771.34;0.6460000000000719;False;0.8551973;0.0;0.0;0.0;0.0
Bro015.segment.324;768.018;771.34;772.18;774.605;0.8399999999999181;True;0.65385914;0.0;0.0;0.0;0.0
Bro015.segment.325;772.18;774.605;775.465;779.53;0.8600000000000136;False;0.8158181;0.0;0.0;0.0;0.0
Bro015.segment.326;775.465;779.53;779.16;780.09;-0.3700000000000045;True;0.87783664;0.0;0.0;0.0;0.0
Bro015.segment.329;780.27;785.77;784.74;785.86;-1.0299999999999727;True;0.9355475;0.0;0.0;0.0;0.0
Bro015.segment.331;786.72;791.712;788.6;790.64;-3.1119999999999663;True;0.8689142;0.0;0.0;0.0;0.0
Bro015.segment.333;792.531;796.92;793.84;795.07;-3.0799999999999272;True;0.917261;0.0;0.0;0.0;0.0
Bro015.segment.336;797.44;803.065;803.04;803.76;-0.0250000000000909;True;0.90881866;0.0;0.0;0.0;0.0
Bro015.segment.338;803.58;807.321;805.77;806.22;-1.5510000000000446;True;0.81498295;0.0;0.0;0.0;0.0
Bro015.segment.340;807.96;812.44;813.72;818.8;1.2799999999999727;False;0.88104844;0.0;0.0;0.0;0.0
Bro015.segment.341;813.72;818.8;813.94;814.49;-4.8599999999999;True;0.7394569;0.0;0.0;0.0;0.0
Bro015.segment.343;820.01;822.83;822.26;823.83;-0.57000000000005;True;0.59940195;0.0;0.0;0.0;0.0
Bro015.segment.345;823.35;828.23;827.08;827.74;-1.1499999999999773;True;0.6939894;0.0;0.0;0.0;0.0
Bro015.segment.347;828.68;832.064;832.44;837.002;0.37600000000009;False;0.6646511;0.0;0.0;0.0;0.0
Bro015.segment.348;832.44;837.002;837.612;841.239;0.6100000000000136;False;0.87383354;0.0;0.0;0.0;0.0
Bro015.segment.349;837.612;841.239;840.84;841.32;-0.3990000000000009;True;0.8291042;0.0;0.0;0.0;0.0
Bro015.segment.351;841.65;846.32;846.785;851.48;0.4649999999999181;False;0.9021857;0.0;0.0;0.0;0.0
Bro015.segment.352;846.785;851.48;847.99;848.79;-3.490000000000009;True;0.32514566;0.0;0.0;0.0;0.0
Bro015.segment.354;850.199;851.38;851.99;853.04;0.6100000000000136;True;0.34855774;0.0;0.0;0.0;0.0
Bro015.segment.356;852.23;855.9;856.44;860.02;0.5400000000000773;False;0.88371146;0.0;0.0;0.0;0.0
Bro015.segment.357;856.44;860.02;857.69;859.12;-2.3299999999999272;True;0.30325812;0.0;0.0;0.0;0.0
Bro015.segment.358;857.69;859.12;860.27;861.58;1.1499999999999773;True;0.5900753;0.0;0.0;0.0;0.0
Bro015.segment.360;860.27;861.58;861.77;864.75;0.1899999999999408;True;0.58947945;0.0;0.0;0.0;0.0
Bro015.segment.361;861.77;864.75;862.169;862.309;-2.5810000000000173;True;0.5922818;0.0;0.0;0.0;0.0
Bro015.segment.362;862.169;862.309;865.21;866.33;2.901000000000068;False;0.45558605;0.0;0.0;-0.81839;20.4700862485
Bro015.segment.364;865.77;869.49;866.51;867.99;-2.980000000000018;True;0.3531041;0.0;0.0;0.0;0.0
Bro015.segment.365;866.51;867.99;867.702;868.322;-0.2880000000000109;True;0.5019537;0.0;0.0;0.0;0.0
Bro015.segment.366;867.702;868.322;868.077;868.833;-0.2450000000000045;True;0.948358;0.0;0.0;-0.49014;43.4354359438
Bro015.segment.367;868.077;868.833;868.616;883.717;-0.2169999999999845;True;0.51567245;0.0;0.0;0.0;0.0
Bro015.segment.369;869.77;872.983;872.983;876.164;0.0;False;0.33876613;0.0;0.0;0.0;0.0
Bro015.segment.370;872.983;876.164;876.164;881.293;0.0;False;0.34196118;0.0;0.0;0.0;0.0
Bro015.segment.371;876.164;881.293;881.618;886.37;0.3250000000000455;False;0.8149188;0.0;0.0;0.0;0.0
Bro015.segment.372;881.618;886.37;884.38;885.557;-1.990000000000009;True;0.87999403;0.0;0.0;0.0;0.0
Bro015.segment.375;887.058;891.86;892.53;894.93;0.6699999999999591;True;0.8416176;0.0;0.0;0.0;0.0
Bro015.segment.377;892.59;897.24;895.72;897.28;-1.5199999999999818;True;0.8944521;0.0;0.0;0.0;0.0
Bro015.segment.379;897.55;902.191;902.696;908.889;0.5049999999999955;False;0.9434086;0.0;0.0;0.0;0.0
Bro015.segment.380;902.696;908.889;905.92;906.98;-2.969000000000051;True;0.8041611;0.0;0.0;0.0;0.0
Bro015.segment.382;909.625;913.93;913.79;914.341;-0.1399999999999863;True;0.80703646;0.0;0.0;0.0;0.0
Bro015.segment.384;914.341;916.837;916.837;917.444;0.0;False;0.5839671;0.0;0.0;0.0;0.0
Bro015.segment.386;917.444;920.406;920.78;923.805;0.3740000000000236;False;0.80476624;0.0;0.0;0.0;0.0
Bro015.segment.387;920.78;923.805;923.24;924.54;-0.5649999999999409;True;0.7671298;0.0;0.0;0.0;0.0
Bro015.segment.389;924.305;928.687;929.474;933.247;0.7870000000000346;False;0.8332918;0.0;0.0;0.0;0.0
Bro015.segment.390;929.474;933.247;933.844;936.969;0.5970000000000937;False;0.77222675;0.0;0.0;0.0;0.0
Bro015.segment.391;933.844;936.969;937.402;941.211;0.4329999999999927;False;0.68836665;0.0;0.0;0.0;0.0
Bro015.segment.392;937.402;941.211;941.81;945.667;0.5989999999999327;False;0.90218925;0.0;0.0;0.0;0.0
Bro015.segment.393;941.81;945.667;946.758;950.14;1.0910000000000082;False;0.8570229;0.0;0.0;0.0;0.0
Bro015.segment.394;946.758;950.14;950.74;954.28;0.6000000000000227;True;0.7560942;0.0;0.0;0.0;0.0
Bro015.segment.398;954.945;958.675;958.675;964.792;0.0;False;0.63209057;0.0;0.0;0.0;0.0
Bro015.segment.399;958.675;964.792;961.23;966.3;-3.562000000000012;True;0.9544483;0.0;0.0;0.0;0.0
Bro015.segment.401;965.4;970.979;970.18;970.81;-0.7990000000000919;True;0.80521876;0.0;0.0;0.0;0.0
Bro015.segment.403;971.41;976.84;974.11;975.76;-2.730000000000018;True;0.416224;0.0;0.0;0.0;0.0
Bro015.segment.405;977.492;978.008;978.008;980.133;0.0;False;0.4381132;0.0;0.0;0.0;0.0
Bro015.segment.406;978.008;980.133;980.727;985.794;0.5939999999999372;False;0.8872843;0.0;0.0;0.0;0.0
Bro015.segment.407;980.727;985.794;984.64;986.2;-1.1539999999999964;True;0.8750516;0.0;0.0;0.0;0.0
Bro015.segment.409;986.28;991.966;992.552;997.768;0.5860000000000127;False;0.9644084;0.0;0.0;0.0;0.0
Bro015.segment.410;992.552;997.768;998.359;1005.914;0.5910000000000082;False;0.79204607;0.0;0.0;0.0;0.0
Bro015.segment.411;998.359;1005.914;1004.34;1006.16;-1.5739999999999554;True;0.8303345;0.0;0.0;0.0;0.0
Bro015.segment.413;1006.24;1012.356;1013.91;1014.7;1.5539999999999736;True;0.46510175;1.0;0.0;0.0;0.0
